[{"id":"a08921b2-57c2-4430-aeed-8ad37c38fec8","title":"Objectified","year":1997,"cover":"http://dummyimage.com/149x108.png/dddddd/000000","description":"Nullam sit amet turpis elementum ligula vehicula consequat. Morbi a ipsum. Integer a nibh.\n\nIn quis justo. Maecenas rhoncus aliquam lacus. Morbi quis tortor id nulla ultrices aliquet.","duration":1927,"contentRating":"NC-17","source":"http://gravatar.com/et/eros/vestibulum/ac/est.html?tortor=nisl&quis=venenatis&turpis=lacinia&sed=aenean&ante=sit&vivamus=amet&tortor=justo&duis=morbi&mattis=ut&egestas=odio&metus=cras&aenean=mi&fermentum=pede&donec=malesuada&ut=in&mauris=imperdiet&eget=et&massa=commodo&tempor=vulputate&convallis=justo&nulla=in&neque=blandit&libero=ultrices&convallis=enim&eget=lorem&eleifend=ipsum&luctus=dolor&ultricies=sit&eu=amet&nibh=consectetuer&quisque=adipiscing&id=elit&justo=proin&sit=interdum&amet=mauris&sapien=non&dignissim=ligula&vestibulum=pellentesque&vestibulum=ultrices&ante=phasellus&ipsum=id&primis=sapien&in=in&faucibus=sapien&orci=iaculis&luctus=congue&et=vivamus&ultrices=metus&posuere=arcu&cubilia=adipiscing&curae=molestie&nulla=hendrerit&dapibus=at&dolor=vulputate&vel=vitae&est=nisl&donec=aenean&odio=lectus&justo=pellentesque&sollicitudin=eget&ut=nunc&suscipit=donec","tags":"Documentary"},
{"id":"42f6aca5-a898-4945-acbe-e4764d72e38d","title":"Cars","year":2003,"cover":"http://dummyimage.com/135x137.png/dddddd/000000","description":"Maecenas ut massa quis augue luctus tincidunt. Nulla mollis molestie lorem. Quisque ut erat.\n\nCurabitur gravida nisi at nibh. In hac habitasse platea dictumst. Aliquam augue quam, sollicitudin vitae, consectetuer eget, rutrum at, lorem.","duration":1972,"contentRating":"PG-13","source":"https://psu.edu/libero/ut/massa/volutpat/convallis/morbi.js?cursus=platea&urna=dictumst&ut=morbi&tellus=vestibulum&nulla=velit&ut=id&erat=pretium&id=iaculis&mauris=diam&vulputate=erat&elementum=fermentum&nullam=justo&varius=nec&nulla=condimentum&facilisi=neque&cras=sapien&non=placerat&velit=ante&nec=nulla&nisi=justo&vulputate=aliquam&nonummy=quis&maecenas=turpis&tincidunt=eget&lacus=elit&at=sodales&velit=scelerisque&vivamus=mauris&vel=sit&nulla=amet&eget=eros&eros=suspendisse&elementum=accumsan&pellentesque=tortor&quisque=quis&porta=turpis&volutpat=sed&erat=ante&quisque=vivamus&erat=tortor&eros=duis&viverra=mattis&eget=egestas&congue=metus&eget=aenean&semper=fermentum&rutrum=donec&nulla=ut&nunc=mauris&purus=eget&phasellus=massa&in=tempor&felis=convallis&donec=nulla&semper=neque&sapien=libero&a=convallis&libero=eget&nam=eleifend&dui=luctus&proin=ultricies&leo=eu&odio=nibh&porttitor=quisque&id=id&consequat=justo&in=sit&consequat=amet","tags":"Animation|Children|Comedy"},
{"id":"cb292e96-ba89-4969-97ad-f50aaa97f3eb","title":"Drumline","year":1989,"cover":"http://dummyimage.com/245x195.png/dddddd/000000","description":"In quis justo. Maecenas rhoncus aliquam lacus. Morbi quis tortor id nulla ultrices aliquet.\n\nMaecenas leo odio, condimentum id, luctus nec, molestie sed, justo. Pellentesque viverra pede ac diam. Cras pellentesque volutpat dui.\n\nMaecenas tristique, est et tempus semper, est quam pharetra magna, ac consequat metus sapien ut nunc. Vestibulum ante ipsum primis in faucibus orci luctus et ultrices posuere cubilia Curae; Mauris viverra diam vitae quam. Suspendisse potenti.","duration":2001,"contentRating":"R","source":"http://examiner.com/iaculis/congue/vivamus/metus/arcu/adipiscing/molestie.jpg?etiam=sit&justo=amet&etiam=erat&pretium=nulla&iaculis=tempus&justo=vivamus&in=in&hac=felis&habitasse=eu&platea=sapien&dictumst=cursus&etiam=vestibulum&faucibus=proin&cursus=eu&urna=mi&ut=nulla&tellus=ac&nulla=enim&ut=in&erat=tempor&id=turpis&mauris=nec&vulputate=euismod&elementum=scelerisque&nullam=quam&varius=turpis","tags":"Comedy|Drama|Musical|Romance"},
{"id":"afa672b6-0463-4879-a618-bf47ea3dc28e","title":"Big Trail, The","year":2010,"cover":"http://dummyimage.com/135x121.png/dddddd/000000","description":"Phasellus sit amet erat. Nulla tempus. Vivamus in felis eu sapien cursus vestibulum.\n\nProin eu mi. Nulla ac enim. In tempor, turpis nec euismod scelerisque, quam turpis adipiscing lorem, vitae mattis nibh ligula nec sem.\n\nDuis aliquam convallis nunc. Proin at turpis a pede posuere nonummy. Integer non velit.","duration":1907,"contentRating":"PG","source":"https://devhub.com/sollicitudin.aspx?libero=nunc&convallis=proin&eget=at&eleifend=turpis&luctus=a&ultricies=pede&eu=posuere&nibh=nonummy&quisque=integer&id=non&justo=velit&sit=donec&amet=diam&sapien=neque&dignissim=vestibulum&vestibulum=eget&vestibulum=vulputate&ante=ut&ipsum=ultrices&primis=vel&in=augue&faucibus=vestibulum&orci=ante&luctus=ipsum&et=primis&ultrices=in&posuere=faucibus&cubilia=orci&curae=luctus&nulla=et&dapibus=ultrices&dolor=posuere&vel=cubilia&est=curae&donec=donec&odio=pharetra&justo=magna&sollicitudin=vestibulum&ut=aliquet&suscipit=ultrices&a=erat&feugiat=tortor&et=sollicitudin&eros=mi&vestibulum=sit&ac=amet&est=lobortis&lacinia=sapien&nisi=sapien&venenatis=non&tristique=mi&fusce=integer&congue=ac&diam=neque&id=duis&ornare=bibendum&imperdiet=morbi&sapien=non&urna=quam&pretium=nec&nisl=dui&ut=luctus&volutpat=rutrum&sapien=nulla&arcu=tellus&sed=in&augue=sagittis&aliquam=dui&erat=vel&volutpat=nisl&in=duis&congue=ac&etiam=nibh&justo=fusce&etiam=lacus&pretium=purus&iaculis=aliquet&justo=at&in=feugiat&hac=non&habitasse=pretium&platea=quis&dictumst=lectus&etiam=suspendisse&faucibus=potenti&cursus=in&urna=eleifend&ut=quam","tags":"Adventure|Romance|Western"},
{"id":"b4af4efd-b935-4ce2-b702-a83d3b679bde","title":"Revolution","year":2008,"cover":"http://dummyimage.com/184x232.png/dddddd/000000","description":"Nam ultrices, libero non mattis pulvinar, nulla pede ullamcorper augue, a suscipit nulla elit ac nulla. Sed vel enim sit amet nunc viverra dapibus. Nulla suscipit ligula in lacus.","duration":2011,"contentRating":"NC-17","source":"https://google.cn/blandit/nam/nulla/integer/pede.html?in=purus","tags":"Adventure|Drama|War"},
{"id":"cf84aca0-07c5-427d-b12b-7959c8e0c091","title":"Captain January","year":2009,"cover":"http://dummyimage.com/192x215.jpg/5fa2dd/ffffff","description":"In quis justo. Maecenas rhoncus aliquam lacus. Morbi quis tortor id nulla ultrices aliquet.\n\nMaecenas leo odio, condimentum id, luctus nec, molestie sed, justo. Pellentesque viverra pede ac diam. Cras pellentesque volutpat dui.\n\nMaecenas tristique, est et tempus semper, est quam pharetra magna, ac consequat metus sapien ut nunc. Vestibulum ante ipsum primis in faucibus orci luctus et ultrices posuere cubilia Curae; Mauris viverra diam vitae quam. Suspendisse potenti.","duration":2032,"contentRating":"G","source":"https://ca.gov/sit/amet/consectetuer/adipiscing/elit/proin/interdum.js?congue=nec&risus=euismod&semper=scelerisque&porta=quam&volutpat=turpis&quam=adipiscing&pede=lorem&lobortis=vitae&ligula=mattis&sit=nibh&amet=ligula&eleifend=nec&pede=sem&libero=duis&quis=aliquam&orci=convallis&nullam=nunc&molestie=proin&nibh=at&in=turpis&lectus=a&pellentesque=pede&at=posuere&nulla=nonummy&suspendisse=integer&potenti=non&cras=velit&in=donec&purus=diam&eu=neque&magna=vestibulum&vulputate=eget&luctus=vulputate&cum=ut&sociis=ultrices&natoque=vel&penatibus=augue&et=vestibulum&magnis=ante&dis=ipsum&parturient=primis&montes=in&nascetur=faucibus&ridiculus=orci&mus=luctus&vivamus=et&vestibulum=ultrices&sagittis=posuere&sapien=cubilia&cum=curae&sociis=donec&natoque=pharetra&penatibus=magna&et=vestibulum&magnis=aliquet&dis=ultrices&parturient=erat&montes=tortor&nascetur=sollicitudin&ridiculus=mi&mus=sit&etiam=amet&vel=lobortis&augue=sapien&vestibulum=sapien&rutrum=non&rutrum=mi&neque=integer&aenean=ac&auctor=neque&gravida=duis&sem=bibendum&praesent=morbi&id=non&massa=quam","tags":"Drama"},
{"id":"42f3fda2-8a61-44c7-9f94-23d06bc35f80","title":"Price of Glory","year":1990,"cover":"http://dummyimage.com/104x100.bmp/dddddd/000000","description":"Etiam vel augue. Vestibulum rutrum rutrum neque. Aenean auctor gravida sem.\n\nPraesent id massa id nisl venenatis lacinia. Aenean sit amet justo. Morbi ut odio.\n\nCras mi pede, malesuada in, imperdiet et, commodo vulputate, justo. In blandit ultrices enim. Lorem ipsum dolor sit amet, consectetuer adipiscing elit.","duration":1982,"contentRating":"NC-17","source":"https://nydailynews.com/primis.jpg?tristique=diam&est=id&et=ornare&tempus=imperdiet&semper=sapien&est=urna&quam=pretium&pharetra=nisl&magna=ut&ac=volutpat&consequat=sapien&metus=arcu&sapien=sed&ut=augue&nunc=aliquam&vestibulum=erat&ante=volutpat&ipsum=in&primis=congue&in=etiam&faucibus=justo&orci=etiam&luctus=pretium&et=iaculis&ultrices=justo&posuere=in&cubilia=hac&curae=habitasse&mauris=platea&viverra=dictumst&diam=etiam&vitae=faucibus&quam=cursus&suspendisse=urna&potenti=ut&nullam=tellus&porttitor=nulla&lacus=ut&at=erat&turpis=id&donec=mauris&posuere=vulputate&metus=elementum&vitae=nullam&ipsum=varius&aliquam=nulla&non=facilisi&mauris=cras&morbi=non&non=velit&lectus=nec&aliquam=nisi&sit=vulputate&amet=nonummy&diam=maecenas&in=tincidunt&magna=lacus&bibendum=at","tags":"Drama"},
{"id":"cdfc042b-625a-4447-bcc1-fcf10a3c86d7","title":"East Side, West Side","year":2007,"cover":"http://dummyimage.com/235x139.bmp/cc0000/ffffff","description":"Duis consequat dui nec nisi volutpat eleifend. Donec ut dolor. Morbi vel lectus in quam fringilla rhoncus.","duration":2020,"contentRating":"PG","source":"http://artisteer.com/erat/vestibulum/sed.js?rhoncus=ipsum&sed=dolor&vestibulum=sit&sit=amet&amet=consectetuer&cursus=adipiscing&id=elit&turpis=proin&integer=interdum&aliquet=mauris&massa=non&id=ligula&lobortis=pellentesque&convallis=ultrices&tortor=phasellus&risus=id&dapibus=sapien&augue=in&vel=sapien&accumsan=iaculis&tellus=congue&nisi=vivamus&eu=metus&orci=arcu&mauris=adipiscing&lacinia=molestie&sapien=hendrerit&quis=at&libero=vulputate&nullam=vitae&sit=nisl&amet=aenean&turpis=lectus&elementum=pellentesque&ligula=eget&vehicula=nunc&consequat=donec&morbi=quis&a=orci&ipsum=eget&integer=orci&a=vehicula&nibh=condimentum&in=curabitur&quis=in&justo=libero&maecenas=ut&rhoncus=massa&aliquam=volutpat&lacus=convallis&morbi=morbi&quis=odio&tortor=odio&id=elementum&nulla=eu","tags":"Crime|Drama|Romance"},
{"id":"b1006e69-fc60-4613-84fc-1ca3513442f8","title":"When Marnie Was There","year":2007,"cover":"http://dummyimage.com/199x238.bmp/dddddd/000000","description":"Phasellus sit amet erat. Nulla tempus. Vivamus in felis eu sapien cursus vestibulum.","duration":1934,"contentRating":"PG","source":"http://webmd.com/sit/amet/erat/nulla/tempus/vivamus.xml?in=nunc&purus=rhoncus&eu=dui&magna=vel&vulputate=sem&luctus=sed&cum=sagittis&sociis=nam&natoque=congue&penatibus=risus&et=semper&magnis=porta&dis=volutpat&parturient=quam&montes=pede&nascetur=lobortis&ridiculus=ligula&mus=sit&vivamus=amet&vestibulum=eleifend&sagittis=pede&sapien=libero&cum=quis&sociis=orci&natoque=nullam&penatibus=molestie&et=nibh&magnis=in&dis=lectus&parturient=pellentesque&montes=at&nascetur=nulla&ridiculus=suspendisse&mus=potenti&etiam=cras&vel=in&augue=purus&vestibulum=eu&rutrum=magna&rutrum=vulputate&neque=luctus","tags":"Animation|Drama"},
{"id":"4f643054-0c22-4866-9df4-032e29f7b79e","title":"State of the Union","year":1999,"cover":"http://dummyimage.com/124x248.jpg/dddddd/000000","description":"Duis bibendum, felis sed interdum venenatis, turpis enim blandit mi, in porttitor pede justo eu massa. Donec dapibus. Duis at velit eu est congue elementum.","duration":1971,"contentRating":"R","source":"http://senate.gov/odio/donec/vitae/nisi/nam/ultrices.json?lacus=rhoncus&morbi=aliquam&quis=lacus&tortor=morbi&id=quis&nulla=tortor&ultrices=id&aliquet=nulla&maecenas=ultrices&leo=aliquet&odio=maecenas&condimentum=leo","tags":"Comedy|Drama"},
{"id":"a00665c8-6dc2-4257-9891-6b99ff152732","title":"Tears of April (Käsky)","year":1999,"cover":"http://dummyimage.com/150x245.png/ff4444/ffffff","description":"Cras mi pede, malesuada in, imperdiet et, commodo vulputate, justo. In blandit ultrices enim. Lorem ipsum dolor sit amet, consectetuer adipiscing elit.\n\nProin interdum mauris non ligula pellentesque ultrices. Phasellus id sapien in sapien iaculis congue. Vivamus metus arcu, adipiscing molestie, hendrerit at, vulputate vitae, nisl.","duration":2064,"contentRating":"PG","source":"https://nps.gov/phasellus/id/sapien/in/sapien.jpg?suspendisse=mauris&potenti=viverra&in=diam&eleifend=vitae&quam=quam&a=suspendisse&odio=potenti&in=nullam&hac=porttitor&habitasse=lacus&platea=at&dictumst=turpis&maecenas=donec&ut=posuere&massa=metus&quis=vitae&augue=ipsum","tags":"Drama|Romance|War"},
{"id":"d4a0fe5d-5bed-461c-96c4-d646797ac09f","title":"Hide and Seek","year":2008,"cover":"http://dummyimage.com/133x127.png/dddddd/000000","description":"In quis justo. Maecenas rhoncus aliquam lacus. Morbi quis tortor id nulla ultrices aliquet.","duration":2038,"contentRating":"R","source":"http://deliciousdays.com/mauris/eget/massa.png?nonummy=est&maecenas=lacinia&tincidunt=nisi&lacus=venenatis&at=tristique&velit=fusce&vivamus=congue&vel=diam&nulla=id&eget=ornare&eros=imperdiet&elementum=sapien&pellentesque=urna&quisque=pretium&porta=nisl&volutpat=ut&erat=volutpat&quisque=sapien&erat=arcu","tags":"Horror|Mystery|Thriller"},
{"id":"f6c68cee-30be-40c9-8bbe-8e153ba5cf4a","title":"Tin Pan Alley","year":2006,"cover":"http://dummyimage.com/215x165.jpg/5fa2dd/ffffff","description":"Duis bibendum, felis sed interdum venenatis, turpis enim blandit mi, in porttitor pede justo eu massa. Donec dapibus. Duis at velit eu est congue elementum.","duration":1895,"contentRating":"PG-13","source":"https://disqus.com/tincidunt/nulla.json?id=curae&lobortis=mauris&convallis=viverra&tortor=diam&risus=vitae&dapibus=quam&augue=suspendisse&vel=potenti&accumsan=nullam&tellus=porttitor&nisi=lacus&eu=at&orci=turpis&mauris=donec&lacinia=posuere","tags":"Drama|Musical|Romance"},
{"id":"603687d5-4dc1-40fb-b4f2-7235630d556a","title":"976-EVIL II","year":1993,"cover":"http://dummyimage.com/217x199.jpg/cc0000/ffffff","description":"In quis justo. Maecenas rhoncus aliquam lacus. Morbi quis tortor id nulla ultrices aliquet.\n\nMaecenas leo odio, condimentum id, luctus nec, molestie sed, justo. Pellentesque viverra pede ac diam. Cras pellentesque volutpat dui.","duration":1952,"contentRating":"NC-17","source":"http://netlog.com/semper/sapien/a/libero.xml?varius=habitasse&ut=platea&blandit=dictumst&non=aliquam&interdum=augue&in=quam&ante=sollicitudin&vestibulum=vitae&ante=consectetuer&ipsum=eget&primis=rutrum&in=at&faucibus=lorem&orci=integer&luctus=tincidunt&et=ante&ultrices=vel&posuere=ipsum&cubilia=praesent&curae=blandit&duis=lacinia&faucibus=erat&accumsan=vestibulum&odio=sed&curabitur=magna&convallis=at&duis=nunc&consequat=commodo&dui=placerat&nec=praesent&nisi=blandit&volutpat=nam&eleifend=nulla&donec=integer&ut=pede&dolor=justo&morbi=lacinia&vel=eget&lectus=tincidunt&in=eget","tags":"Horror"},
{"id":"9900b913-a55f-4b67-9aa1-2da3ed71081f","title":"Terkel in Trouble (Terkel i knibe)","year":2008,"cover":"http://dummyimage.com/205x215.png/dddddd/000000","description":"Phasellus sit amet erat. Nulla tempus. Vivamus in felis eu sapien cursus vestibulum.\n\nProin eu mi. Nulla ac enim. In tempor, turpis nec euismod scelerisque, quam turpis adipiscing lorem, vitae mattis nibh ligula nec sem.\n\nDuis aliquam convallis nunc. Proin at turpis a pede posuere nonummy. Integer non velit.","duration":2010,"contentRating":"PG-13","source":"http://seattletimes.com/etiam/faucibus/cursus.json?justo=sociis&maecenas=natoque&rhoncus=penatibus&aliquam=et&lacus=magnis","tags":"Animation|Comedy|Drama|Musical"},
{"id":"11eaa5b8-9e18-42ed-ae94-f69de0bf89fe","title":"Big Blue, The (Grand bleu, Le)","year":2001,"cover":"http://dummyimage.com/248x114.bmp/5fa2dd/ffffff","description":"Fusce posuere felis sed lacus. Morbi sem mauris, laoreet ut, rhoncus aliquet, pulvinar sed, nisl. Nunc rhoncus dui vel sem.\n\nSed sagittis. Nam congue, risus semper porta volutpat, quam pede lobortis ligula, sit amet eleifend pede libero quis orci. Nullam molestie nibh in lectus.","duration":2059,"contentRating":"PG-13","source":"https://skype.com/morbi/a/ipsum/integer.xml?in=enim&quis=in&justo=tempor&maecenas=turpis&rhoncus=nec&aliquam=euismod&lacus=scelerisque&morbi=quam&quis=turpis&tortor=adipiscing&id=lorem&nulla=vitae&ultrices=mattis&aliquet=nibh&maecenas=ligula&leo=nec&odio=sem&condimentum=duis&id=aliquam&luctus=convallis&nec=nunc&molestie=proin&sed=at&justo=turpis&pellentesque=a&viverra=pede&pede=posuere&ac=nonummy&diam=integer&cras=non&pellentesque=velit&volutpat=donec&dui=diam&maecenas=neque&tristique=vestibulum&est=eget&et=vulputate&tempus=ut&semper=ultrices&est=vel&quam=augue&pharetra=vestibulum&magna=ante&ac=ipsum&consequat=primis&metus=in&sapien=faucibus&ut=orci&nunc=luctus&vestibulum=et&ante=ultrices&ipsum=posuere&primis=cubilia&in=curae&faucibus=donec&orci=pharetra&luctus=magna&et=vestibulum&ultrices=aliquet&posuere=ultrices&cubilia=erat&curae=tortor&mauris=sollicitudin&viverra=mi&diam=sit&vitae=amet&quam=lobortis&suspendisse=sapien&potenti=sapien&nullam=non&porttitor=mi&lacus=integer","tags":"Adventure|Drama|Romance"},
{"id":"7ac9361b-1cd0-4f30-9fa9-6075f3b80c90","title":"Splendor","year":1992,"cover":"http://dummyimage.com/135x104.jpg/cc0000/ffffff","description":"Duis aliquam convallis nunc. Proin at turpis a pede posuere nonummy. Integer non velit.","duration":2067,"contentRating":"PG-13","source":"https://cocolog-nifty.com/convallis/nulla.jpg?non=maecenas&mauris=tristique&morbi=est&non=et&lectus=tempus&aliquam=semper&sit=est&amet=quam&diam=pharetra&in=magna&magna=ac&bibendum=consequat&imperdiet=metus&nullam=sapien&orci=ut&pede=nunc&venenatis=vestibulum&non=ante&sodales=ipsum&sed=primis&tincidunt=in&eu=faucibus&felis=orci&fusce=luctus&posuere=et&felis=ultrices&sed=posuere&lacus=cubilia&morbi=curae&sem=mauris&mauris=viverra&laoreet=diam&ut=vitae&rhoncus=quam&aliquet=suspendisse&pulvinar=potenti&sed=nullam&nisl=porttitor&nunc=lacus&rhoncus=at&dui=turpis&vel=donec&sem=posuere&sed=metus&sagittis=vitae&nam=ipsum&congue=aliquam&risus=non&semper=mauris&porta=morbi&volutpat=non&quam=lectus&pede=aliquam&lobortis=sit&ligula=amet&sit=diam&amet=in&eleifend=magna&pede=bibendum&libero=imperdiet&quis=nullam&orci=orci&nullam=pede&molestie=venenatis&nibh=non&in=sodales&lectus=sed&pellentesque=tincidunt&at=eu&nulla=felis&suspendisse=fusce&potenti=posuere&cras=felis&in=sed&purus=lacus&eu=morbi&magna=sem&vulputate=mauris&luctus=laoreet&cum=ut&sociis=rhoncus&natoque=aliquet&penatibus=pulvinar","tags":"Comedy"},
{"id":"0e46f3e8-0633-4942-8687-ecb0e16399fb","title":"Green Card","year":1999,"cover":"http://dummyimage.com/108x237.png/5fa2dd/ffffff","description":"Vestibulum quam sapien, varius ut, blandit non, interdum in, ante. Vestibulum ante ipsum primis in faucibus orci luctus et ultrices posuere cubilia Curae; Duis faucibus accumsan odio. Curabitur convallis.\n\nDuis consequat dui nec nisi volutpat eleifend. Donec ut dolor. Morbi vel lectus in quam fringilla rhoncus.\n\nMauris enim leo, rhoncus sed, vestibulum sit amet, cursus id, turpis. Integer aliquet, massa id lobortis convallis, tortor risus dapibus augue, vel accumsan tellus nisi eu orci. Mauris lacinia sapien quis libero.","duration":2031,"contentRating":"NC-17","source":"https://last.fm/orci/mauris/lacinia.xml?in=augue&congue=vestibulum&etiam=rutrum&justo=rutrum&etiam=neque&pretium=aenean&iaculis=auctor&justo=gravida&in=sem&hac=praesent&habitasse=id&platea=massa&dictumst=id&etiam=nisl&faucibus=venenatis&cursus=lacinia&urna=aenean&ut=sit&tellus=amet&nulla=justo&ut=morbi&erat=ut&id=odio&mauris=cras&vulputate=mi&elementum=pede&nullam=malesuada&varius=in&nulla=imperdiet&facilisi=et&cras=commodo&non=vulputate&velit=justo&nec=in&nisi=blandit&vulputate=ultrices&nonummy=enim&maecenas=lorem&tincidunt=ipsum&lacus=dolor&at=sit&velit=amet&vivamus=consectetuer&vel=adipiscing&nulla=elit&eget=proin&eros=interdum&elementum=mauris&pellentesque=non&quisque=ligula&porta=pellentesque&volutpat=ultrices&erat=phasellus&quisque=id&erat=sapien&eros=in&viverra=sapien&eget=iaculis&congue=congue&eget=vivamus&semper=metus&rutrum=arcu&nulla=adipiscing&nunc=molestie&purus=hendrerit&phasellus=at&in=vulputate&felis=vitae&donec=nisl&semper=aenean&sapien=lectus&a=pellentesque&libero=eget&nam=nunc&dui=donec&proin=quis&leo=orci&odio=eget&porttitor=orci&id=vehicula&consequat=condimentum&in=curabitur&consequat=in&ut=libero&nulla=ut&sed=massa&accumsan=volutpat&felis=convallis&ut=morbi&at=odio&dolor=odio&quis=elementum&odio=eu&consequat=interdum&varius=eu&integer=tincidunt&ac=in&leo=leo","tags":"Comedy|Drama|Romance"},
{"id":"b2fcc567-bd38-4fe7-b91b-a08f3c8911d3","title":"Divine Trash","year":1998,"cover":"http://dummyimage.com/243x122.png/dddddd/000000","description":"Vestibulum quam sapien, varius ut, blandit non, interdum in, ante. Vestibulum ante ipsum primis in faucibus orci luctus et ultrices posuere cubilia Curae; Duis faucibus accumsan odio. Curabitur convallis.\n\nDuis consequat dui nec nisi volutpat eleifend. Donec ut dolor. Morbi vel lectus in quam fringilla rhoncus.\n\nMauris enim leo, rhoncus sed, vestibulum sit amet, cursus id, turpis. Integer aliquet, massa id lobortis convallis, tortor risus dapibus augue, vel accumsan tellus nisi eu orci. Mauris lacinia sapien quis libero.","duration":1940,"contentRating":"PG-13","source":"http://rediff.com/vulputate/elementum/nullam/varius.js?tincidunt=tellus&in=nulla&leo=ut&maecenas=erat&pulvinar=id&lobortis=mauris&est=vulputate&phasellus=elementum&sit=nullam&amet=varius&erat=nulla&nulla=facilisi&tempus=cras&vivamus=non&in=velit&felis=nec&eu=nisi&sapien=vulputate&cursus=nonummy&vestibulum=maecenas&proin=tincidunt&eu=lacus&mi=at&nulla=velit&ac=vivamus&enim=vel&in=nulla&tempor=eget&turpis=eros&nec=elementum&euismod=pellentesque&scelerisque=quisque&quam=porta&turpis=volutpat&adipiscing=erat&lorem=quisque&vitae=erat&mattis=eros&nibh=viverra&ligula=eget&nec=congue&sem=eget&duis=semper&aliquam=rutrum&convallis=nulla&nunc=nunc&proin=purus&at=phasellus&turpis=in&a=felis&pede=donec&posuere=semper&nonummy=sapien&integer=a&non=libero&velit=nam&donec=dui&diam=proin&neque=leo&vestibulum=odio&eget=porttitor&vulputate=id&ut=consequat&ultrices=in&vel=consequat&augue=ut&vestibulum=nulla","tags":"Documentary"},
{"id":"869faa2f-c093-4367-845b-ba3130de1022","title":"Magnetic Monster, The","year":2001,"cover":"http://dummyimage.com/250x117.png/dddddd/000000","description":"Aenean lectus. Pellentesque eget nunc. Donec quis orci eget orci vehicula condimentum.\n\nCurabitur in libero ut massa volutpat convallis. Morbi odio odio, elementum eu, interdum eu, tincidunt in, leo. Maecenas pulvinar lobortis est.\n\nPhasellus sit amet erat. Nulla tempus. Vivamus in felis eu sapien cursus vestibulum.","duration":1967,"contentRating":"PG-13","source":"http://dot.gov/rutrum/nulla/nunc/purus/phasellus.json?leo=sit&odio=amet&porttitor=consectetuer&id=adipiscing&consequat=elit&in=proin&consequat=risus&ut=praesent&nulla=lectus&sed=vestibulum&accumsan=quam&felis=sapien&ut=varius&at=ut&dolor=blandit&quis=non&odio=interdum&consequat=in&varius=ante&integer=vestibulum&ac=ante&leo=ipsum&pellentesque=primis&ultrices=in&mattis=faucibus&odio=orci&donec=luctus&vitae=et&nisi=ultrices&nam=posuere","tags":"Sci-Fi"},
{"id":"d24f0884-9cc8-41d4-8efe-c3aae8e0c7ff","title":"White House Down","year":2010,"cover":"http://dummyimage.com/187x203.png/5fa2dd/ffffff","description":"Aenean fermentum. Donec ut mauris eget massa tempor convallis. Nulla neque libero, convallis eget, eleifend luctus, ultricies eu, nibh.\n\nQuisque id justo sit amet sapien dignissim vestibulum. Vestibulum ante ipsum primis in faucibus orci luctus et ultrices posuere cubilia Curae; Nulla dapibus dolor vel est. Donec odio justo, sollicitudin ut, suscipit a, feugiat et, eros.","duration":2056,"contentRating":"PG-13","source":"https://auda.org.au/nibh/in/quis/justo/maecenas/rhoncus.png?eget=odio&congue=cras&eget=mi&semper=pede&rutrum=malesuada&nulla=in&nunc=imperdiet&purus=et&phasellus=commodo&in=vulputate&felis=justo&donec=in&semper=blandit&sapien=ultrices&a=enim&libero=lorem&nam=ipsum&dui=dolor&proin=sit&leo=amet&odio=consectetuer&porttitor=adipiscing&id=elit&consequat=proin&in=interdum&consequat=mauris&ut=non&nulla=ligula&sed=pellentesque&accumsan=ultrices&felis=phasellus&ut=id&at=sapien&dolor=in&quis=sapien&odio=iaculis&consequat=congue&varius=vivamus&integer=metus&ac=arcu&leo=adipiscing&pellentesque=molestie&ultrices=hendrerit&mattis=at&odio=vulputate&donec=vitae&vitae=nisl&nisi=aenean&nam=lectus&ultrices=pellentesque&libero=eget&non=nunc&mattis=donec&pulvinar=quis&nulla=orci&pede=eget","tags":"Action|Drama|Thriller|IMAX"},
{"id":"c436814a-4d11-4329-bf4b-0b03deb30995","title":"Arena","year":1926,"cover":"http://dummyimage.com/240x138.png/dddddd/000000","description":"Fusce posuere felis sed lacus. Morbi sem mauris, laoreet ut, rhoncus aliquet, pulvinar sed, nisl. Nunc rhoncus dui vel sem.","duration":2008,"contentRating":"PG","source":"http://drupal.org/sit/amet/cursus.png?placerat=morbi&ante=odio&nulla=odio&justo=elementum&aliquam=eu&quis=interdum&turpis=eu&eget=tincidunt&elit=in&sodales=leo&scelerisque=maecenas&mauris=pulvinar&sit=lobortis&amet=est&eros=phasellus&suspendisse=sit&accumsan=amet&tortor=erat&quis=nulla&turpis=tempus&sed=vivamus&ante=in&vivamus=felis&tortor=eu&duis=sapien&mattis=cursus&egestas=vestibulum&metus=proin&aenean=eu&fermentum=mi&donec=nulla&ut=ac&mauris=enim&eget=in&massa=tempor&tempor=turpis&convallis=nec&nulla=euismod&neque=scelerisque&libero=quam&convallis=turpis&eget=adipiscing","tags":"Sci-Fi"},
{"id":"374bc478-c0d8-4262-8124-04e7abd6879b","title":"Condition Red (Beyond the Law)","year":1992,"cover":"http://dummyimage.com/180x205.bmp/dddddd/000000","description":"Mauris enim leo, rhoncus sed, vestibulum sit amet, cursus id, turpis. Integer aliquet, massa id lobortis convallis, tortor risus dapibus augue, vel accumsan tellus nisi eu orci. Mauris lacinia sapien quis libero.","duration":1955,"contentRating":"PG","source":"https://mysql.com/lacus/at/turpis/donec/posuere/metus.json?risus=posuere&semper=cubilia&porta=curae&volutpat=nulla&quam=dapibus&pede=dolor&lobortis=vel&ligula=est&sit=donec&amet=odio&eleifend=justo&pede=sollicitudin&libero=ut&quis=suscipit&orci=a&nullam=feugiat&molestie=et&nibh=eros&in=vestibulum&lectus=ac&pellentesque=est&at=lacinia&nulla=nisi&suspendisse=venenatis&potenti=tristique&cras=fusce&in=congue&purus=diam&eu=id&magna=ornare&vulputate=imperdiet&luctus=sapien&cum=urna&sociis=pretium&natoque=nisl&penatibus=ut&et=volutpat&magnis=sapien&dis=arcu&parturient=sed&montes=augue&nascetur=aliquam&ridiculus=erat&mus=volutpat&vivamus=in&vestibulum=congue&sagittis=etiam&sapien=justo&cum=etiam&sociis=pretium&natoque=iaculis&penatibus=justo&et=in&magnis=hac&dis=habitasse&parturient=platea&montes=dictumst&nascetur=etiam&ridiculus=faucibus&mus=cursus&etiam=urna&vel=ut&augue=tellus&vestibulum=nulla&rutrum=ut&rutrum=erat&neque=id&aenean=mauris&auctor=vulputate&gravida=elementum&sem=nullam&praesent=varius&id=nulla&massa=facilisi&id=cras&nisl=non","tags":"Action|Drama|Thriller"},
{"id":"88f8e0e1-3658-4f9e-aaf6-c026b23512f4","title":"Adventures of Picasso, The (Picassos äventyr)","year":2011,"cover":"http://dummyimage.com/135x241.png/dddddd/000000","description":"Cum sociis natoque penatibus et magnis dis parturient montes, nascetur ridiculus mus. Vivamus vestibulum sagittis sapien. Cum sociis natoque penatibus et magnis dis parturient montes, nascetur ridiculus mus.\n\nEtiam vel augue. Vestibulum rutrum rutrum neque. Aenean auctor gravida sem.","duration":2056,"contentRating":"NC-17","source":"https://wp.com/nulla/tempus/vivamus/in/felis/eu.png?ligula=in&pellentesque=lectus&ultrices=pellentesque&phasellus=at&id=nulla&sapien=suspendisse&in=potenti&sapien=cras&iaculis=in&congue=purus&vivamus=eu&metus=magna&arcu=vulputate&adipiscing=luctus&molestie=cum&hendrerit=sociis&at=natoque&vulputate=penatibus&vitae=et&nisl=magnis&aenean=dis&lectus=parturient&pellentesque=montes&eget=nascetur&nunc=ridiculus&donec=mus&quis=vivamus&orci=vestibulum&eget=sagittis&orci=sapien&vehicula=cum&condimentum=sociis&curabitur=natoque&in=penatibus&libero=et&ut=magnis&massa=dis&volutpat=parturient&convallis=montes&morbi=nascetur&odio=ridiculus&odio=mus&elementum=etiam&eu=vel&interdum=augue&eu=vestibulum&tincidunt=rutrum&in=rutrum&leo=neque&maecenas=aenean&pulvinar=auctor&lobortis=gravida&est=sem&phasellus=praesent&sit=id&amet=massa&erat=id&nulla=nisl&tempus=venenatis&vivamus=lacinia&in=aenean&felis=sit&eu=amet&sapien=justo&cursus=morbi&vestibulum=ut&proin=odio&eu=cras&mi=mi&nulla=pede&ac=malesuada&enim=in&in=imperdiet&tempor=et&turpis=commodo&nec=vulputate&euismod=justo&scelerisque=in&quam=blandit&turpis=ultrices&adipiscing=enim&lorem=lorem&vitae=ipsum&mattis=dolor&nibh=sit&ligula=amet","tags":"Comedy"},
{"id":"b92bb8fa-db0f-4b58-b9e8-5c5bac8003ae","title":"Priceless (Hors de prix)","year":2000,"cover":"http://dummyimage.com/208x133.bmp/dddddd/000000","description":"Phasellus sit amet erat. Nulla tempus. Vivamus in felis eu sapien cursus vestibulum.\n\nProin eu mi. Nulla ac enim. In tempor, turpis nec euismod scelerisque, quam turpis adipiscing lorem, vitae mattis nibh ligula nec sem.","duration":2052,"contentRating":"PG","source":"http://woothemes.com/id/sapien/in/sapien.jpg?vitae=in&ipsum=ante&aliquam=vestibulum&non=ante&mauris=ipsum&morbi=primis&non=in&lectus=faucibus&aliquam=orci&sit=luctus&amet=et&diam=ultrices&in=posuere&magna=cubilia&bibendum=curae&imperdiet=duis&nullam=faucibus&orci=accumsan&pede=odio&venenatis=curabitur&non=convallis&sodales=duis&sed=consequat&tincidunt=dui&eu=nec&felis=nisi&fusce=volutpat&posuere=eleifend&felis=donec&sed=ut&lacus=dolor&morbi=morbi&sem=vel&mauris=lectus&laoreet=in&ut=quam&rhoncus=fringilla&aliquet=rhoncus&pulvinar=mauris&sed=enim&nisl=leo&nunc=rhoncus&rhoncus=sed&dui=vestibulum&vel=sit&sem=amet&sed=cursus&sagittis=id&nam=turpis&congue=integer&risus=aliquet&semper=massa&porta=id&volutpat=lobortis&quam=convallis&pede=tortor&lobortis=risus&ligula=dapibus&sit=augue&amet=vel&eleifend=accumsan&pede=tellus&libero=nisi&quis=eu&orci=orci&nullam=mauris&molestie=lacinia&nibh=sapien&in=quis&lectus=libero","tags":"Comedy|Romance"},
{"id":"358482cd-2b80-4dfe-a82e-03e6142eecb0","title":"The House on 56th Street","year":2006,"cover":"http://dummyimage.com/206x124.jpg/cc0000/ffffff","description":"Cras mi pede, malesuada in, imperdiet et, commodo vulputate, justo. In blandit ultrices enim. Lorem ipsum dolor sit amet, consectetuer adipiscing elit.\n\nProin interdum mauris non ligula pellentesque ultrices. Phasellus id sapien in sapien iaculis congue. Vivamus metus arcu, adipiscing molestie, hendrerit at, vulputate vitae, nisl.","duration":1944,"contentRating":"PG","source":"https://uol.com.br/aenean/auctor/gravida.jsp?ultrices=mi&enim=integer&lorem=ac&ipsum=neque&dolor=duis&sit=bibendum&amet=morbi&consectetuer=non&adipiscing=quam&elit=nec&proin=dui&interdum=luctus&mauris=rutrum&non=nulla&ligula=tellus&pellentesque=in&ultrices=sagittis&phasellus=dui&id=vel&sapien=nisl&in=duis&sapien=ac&iaculis=nibh&congue=fusce&vivamus=lacus&metus=purus&arcu=aliquet&adipiscing=at&molestie=feugiat&hendrerit=non&at=pretium&vulputate=quis&vitae=lectus&nisl=suspendisse&aenean=potenti&lectus=in&pellentesque=eleifend&eget=quam&nunc=a&donec=odio&quis=in&orci=hac&eget=habitasse&orci=platea&vehicula=dictumst&condimentum=maecenas&curabitur=ut&in=massa&libero=quis&ut=augue&massa=luctus&volutpat=tincidunt&convallis=nulla&morbi=mollis&odio=molestie&odio=lorem&elementum=quisque&eu=ut&interdum=erat&eu=curabitur&tincidunt=gravida&in=nisi&leo=at&maecenas=nibh&pulvinar=in&lobortis=hac&est=habitasse&phasellus=platea&sit=dictumst&amet=aliquam&erat=augue&nulla=quam&tempus=sollicitudin&vivamus=vitae&in=consectetuer&felis=eget&eu=rutrum&sapien=at&cursus=lorem&vestibulum=integer&proin=tincidunt&eu=ante&mi=vel&nulla=ipsum&ac=praesent&enim=blandit&in=lacinia&tempor=erat&turpis=vestibulum&nec=sed&euismod=magna&scelerisque=at&quam=nunc&turpis=commodo&adipiscing=placerat&lorem=praesent&vitae=blandit&mattis=nam&nibh=nulla&ligula=integer","tags":"Drama"},
{"id":"e97cd42c-9a53-4559-9f53-c32607eff1c1","title":"Vesku from Finland (Vesku)","year":2011,"cover":"http://dummyimage.com/164x107.bmp/cc0000/ffffff","description":"Duis bibendum, felis sed interdum venenatis, turpis enim blandit mi, in porttitor pede justo eu massa. Donec dapibus. Duis at velit eu est congue elementum.","duration":2059,"contentRating":"PG","source":"https://youku.com/vel/augue/vestibulum/ante/ipsum/primis.png?nisl=volutpat&aenean=quam&lectus=pede&pellentesque=lobortis&eget=ligula&nunc=sit&donec=amet&quis=eleifend&orci=pede&eget=libero&orci=quis&vehicula=orci&condimentum=nullam&curabitur=molestie&in=nibh&libero=in&ut=lectus&massa=pellentesque&volutpat=at&convallis=nulla&morbi=suspendisse&odio=potenti&odio=cras&elementum=in&eu=purus&interdum=eu&eu=magna&tincidunt=vulputate&in=luctus&leo=cum&maecenas=sociis&pulvinar=natoque&lobortis=penatibus&est=et&phasellus=magnis&sit=dis&amet=parturient&erat=montes&nulla=nascetur&tempus=ridiculus&vivamus=mus&in=vivamus&felis=vestibulum&eu=sagittis&sapien=sapien&cursus=cum&vestibulum=sociis&proin=natoque&eu=penatibus&mi=et&nulla=magnis&ac=dis&enim=parturient&in=montes&tempor=nascetur&turpis=ridiculus&nec=mus&euismod=etiam&scelerisque=vel&quam=augue&turpis=vestibulum&adipiscing=rutrum&lorem=rutrum&vitae=neque&mattis=aenean&nibh=auctor&ligula=gravida&nec=sem&sem=praesent&duis=id&aliquam=massa&convallis=id&nunc=nisl&proin=venenatis&at=lacinia&turpis=aenean","tags":"Documentary"},
{"id":"1f1007c3-3d12-4d38-94e2-df01ed7d2459","title":"Fabled","year":1996,"cover":"http://dummyimage.com/162x203.bmp/5fa2dd/ffffff","description":"In sagittis dui vel nisl. Duis ac nibh. Fusce lacus purus, aliquet at, feugiat non, pretium quis, lectus.","duration":2026,"contentRating":"G","source":"https://behance.net/ante/ipsum/primis.jsp?risus=commodo&praesent=vulputate&lectus=justo&vestibulum=in&quam=blandit&sapien=ultrices&varius=enim&ut=lorem&blandit=ipsum&non=dolor&interdum=sit&in=amet&ante=consectetuer&vestibulum=adipiscing&ante=elit&ipsum=proin&primis=interdum&in=mauris&faucibus=non&orci=ligula&luctus=pellentesque&et=ultrices&ultrices=phasellus&posuere=id&cubilia=sapien&curae=in&duis=sapien&faucibus=iaculis&accumsan=congue&odio=vivamus&curabitur=metus&convallis=arcu&duis=adipiscing&consequat=molestie&dui=hendrerit&nec=at&nisi=vulputate&volutpat=vitae&eleifend=nisl&donec=aenean&ut=lectus&dolor=pellentesque&morbi=eget&vel=nunc&lectus=donec&in=quis&quam=orci&fringilla=eget&rhoncus=orci&mauris=vehicula&enim=condimentum&leo=curabitur&rhoncus=in&sed=libero&vestibulum=ut&sit=massa&amet=volutpat&cursus=convallis&id=morbi&turpis=odio&integer=odio&aliquet=elementum&massa=eu&id=interdum&lobortis=eu","tags":"Drama|Mystery|Thriller"},
{"id":"15aed54b-02ec-4621-b412-970bf7039063","title":"Citadel, The","year":2001,"cover":"http://dummyimage.com/147x197.png/5fa2dd/ffffff","description":"Duis bibendum, felis sed interdum venenatis, turpis enim blandit mi, in porttitor pede justo eu massa. Donec dapibus. Duis at velit eu est congue elementum.\n\nIn hac habitasse platea dictumst. Morbi vestibulum, velit id pretium iaculis, diam erat fermentum justo, nec condimentum neque sapien placerat ante. Nulla justo.\n\nAliquam quis turpis eget elit sodales scelerisque. Mauris sit amet eros. Suspendisse accumsan tortor quis turpis.","duration":1940,"contentRating":"PG-13","source":"http://ucla.edu/non/mauris/morbi/non.html?aliquam=odio&convallis=consequat&nunc=varius&proin=integer&at=ac&turpis=leo&a=pellentesque&pede=ultrices&posuere=mattis&nonummy=odio&integer=donec&non=vitae&velit=nisi&donec=nam&diam=ultrices&neque=libero&vestibulum=non&eget=mattis&vulputate=pulvinar&ut=nulla&ultrices=pede&vel=ullamcorper&augue=augue&vestibulum=a&ante=suscipit&ipsum=nulla&primis=elit&in=ac&faucibus=nulla","tags":"Drama"},
{"id":"658f50bf-2b7d-48f9-843d-d04c021ec9c6","title":"Rachel Papers, The","year":1997,"cover":"http://dummyimage.com/155x198.bmp/cc0000/ffffff","description":"Vestibulum ac est lacinia nisi venenatis tristique. Fusce congue, diam id ornare imperdiet, sapien urna pretium nisl, ut volutpat sapien arcu sed augue. Aliquam erat volutpat.\n\nIn congue. Etiam justo. Etiam pretium iaculis justo.\n\nIn hac habitasse platea dictumst. Etiam faucibus cursus urna. Ut tellus.","duration":1920,"contentRating":"PG","source":"http://wix.com/non/mattis/pulvinar.jpg?aenean=nam&lectus=congue&pellentesque=risus&eget=semper&nunc=porta&donec=volutpat&quis=quam&orci=pede&eget=lobortis&orci=ligula&vehicula=sit&condimentum=amet&curabitur=eleifend&in=pede&libero=libero&ut=quis&massa=orci&volutpat=nullam&convallis=molestie&morbi=nibh&odio=in&odio=lectus&elementum=pellentesque&eu=at&interdum=nulla&eu=suspendisse&tincidunt=potenti&in=cras&leo=in&maecenas=purus&pulvinar=eu&lobortis=magna&est=vulputate&phasellus=luctus&sit=cum&amet=sociis&erat=natoque&nulla=penatibus&tempus=et&vivamus=magnis&in=dis&felis=parturient&eu=montes&sapien=nascetur&cursus=ridiculus&vestibulum=mus&proin=vivamus&eu=vestibulum&mi=sagittis&nulla=sapien&ac=cum&enim=sociis&in=natoque&tempor=penatibus&turpis=et&nec=magnis&euismod=dis&scelerisque=parturient&quam=montes&turpis=nascetur&adipiscing=ridiculus&lorem=mus&vitae=etiam&mattis=vel&nibh=augue&ligula=vestibulum&nec=rutrum","tags":"Drama|Romance"},
{"id":"d73e1530-de70-4bae-8307-c6420cc70343","title":"Vampire, The","year":1995,"cover":"http://dummyimage.com/103x107.png/ff4444/ffffff","description":"Fusce consequat. Nulla nisl. Nunc nisl.","duration":1938,"contentRating":"R","source":"http://discovery.com/tortor/id/nulla/ultrices/aliquet/maecenas.html?orci=ipsum&luctus=dolor&et=sit&ultrices=amet&posuere=consectetuer&cubilia=adipiscing&curae=elit&donec=proin&pharetra=risus&magna=praesent","tags":"Horror|Sci-Fi|Thriller"},
{"id":"3c5b6500-9769-4b70-94d8-36cd56d46cfb","title":"Thing from Another World, The","year":2009,"cover":"http://dummyimage.com/161x219.jpg/cc0000/ffffff","description":"Sed sagittis. Nam congue, risus semper porta volutpat, quam pede lobortis ligula, sit amet eleifend pede libero quis orci. Nullam molestie nibh in lectus.\n\nPellentesque at nulla. Suspendisse potenti. Cras in purus eu magna vulputate luctus.","duration":1976,"contentRating":"G","source":"http://ucoz.ru/sem/mauris.html?ut=curae&rhoncus=donec&aliquet=pharetra&pulvinar=magna&sed=vestibulum&nisl=aliquet&nunc=ultrices&rhoncus=erat&dui=tortor&vel=sollicitudin&sem=mi&sed=sit&sagittis=amet&nam=lobortis&congue=sapien&risus=sapien&semper=non&porta=mi&volutpat=integer&quam=ac&pede=neque&lobortis=duis&ligula=bibendum&sit=morbi&amet=non&eleifend=quam&pede=nec&libero=dui&quis=luctus&orci=rutrum&nullam=nulla&molestie=tellus&nibh=in&in=sagittis&lectus=dui&pellentesque=vel&at=nisl&nulla=duis&suspendisse=ac&potenti=nibh&cras=fusce&in=lacus&purus=purus&eu=aliquet&magna=at&vulputate=feugiat&luctus=non&cum=pretium&sociis=quis&natoque=lectus&penatibus=suspendisse&et=potenti&magnis=in&dis=eleifend&parturient=quam&montes=a&nascetur=odio","tags":"Horror|Sci-Fi"},
{"id":"ccd13800-683f-4cfc-861d-4bc42b634ad4","title":"Silent Sonata","year":1994,"cover":"http://dummyimage.com/163x100.bmp/dddddd/000000","description":"Fusce consequat. Nulla nisl. Nunc nisl.","duration":1898,"contentRating":"PG-13","source":"http://wisc.edu/primis/in/faucibus.html?quam=placerat&sollicitudin=ante&vitae=nulla&consectetuer=justo&eget=aliquam&rutrum=quis&at=turpis&lorem=eget&integer=elit&tincidunt=sodales&ante=scelerisque&vel=mauris&ipsum=sit&praesent=amet&blandit=eros&lacinia=suspendisse&erat=accumsan&vestibulum=tortor&sed=quis&magna=turpis&at=sed&nunc=ante&commodo=vivamus&placerat=tortor&praesent=duis&blandit=mattis&nam=egestas&nulla=metus&integer=aenean&pede=fermentum&justo=donec&lacinia=ut&eget=mauris&tincidunt=eget&eget=massa&tempus=tempor&vel=convallis&pede=nulla&morbi=neque&porttitor=libero&lorem=convallis&id=eget&ligula=eleifend&suspendisse=luctus&ornare=ultricies&consequat=eu&lectus=nibh&in=quisque&est=id&risus=justo&auctor=sit&sed=amet&tristique=sapien&in=dignissim&tempus=vestibulum&sit=vestibulum&amet=ante&sem=ipsum&fusce=primis&consequat=in&nulla=faucibus&nisl=orci&nunc=luctus&nisl=et&duis=ultrices&bibendum=posuere&felis=cubilia&sed=curae&interdum=nulla&venenatis=dapibus&turpis=dolor&enim=vel&blandit=est&mi=donec&in=odio&porttitor=justo&pede=sollicitudin&justo=ut&eu=suscipit&massa=a&donec=feugiat&dapibus=et&duis=eros","tags":"Drama|Fantasy|War"},
{"id":"4e96d981-78b2-48f7-835a-58760f8cc820","title":"Walker, The","year":1996,"cover":"http://dummyimage.com/219x228.png/dddddd/000000","description":"Mauris enim leo, rhoncus sed, vestibulum sit amet, cursus id, turpis. Integer aliquet, massa id lobortis convallis, tortor risus dapibus augue, vel accumsan tellus nisi eu orci. Mauris lacinia sapien quis libero.\n\nNullam sit amet turpis elementum ligula vehicula consequat. Morbi a ipsum. Integer a nibh.","duration":2049,"contentRating":"PG-13","source":"https://wired.com/accumsan/tortor/quis/turpis/sed/ante/vivamus.jsp?ultrices=vehicula&posuere=condimentum&cubilia=curabitur&curae=in&nulla=libero&dapibus=ut&dolor=massa&vel=volutpat&est=convallis&donec=morbi&odio=odio&justo=odio&sollicitudin=elementum&ut=eu&suscipit=interdum&a=eu&feugiat=tincidunt&et=in&eros=leo&vestibulum=maecenas&ac=pulvinar&est=lobortis&lacinia=est&nisi=phasellus&venenatis=sit&tristique=amet&fusce=erat&congue=nulla&diam=tempus&id=vivamus&ornare=in&imperdiet=felis&sapien=eu&urna=sapien&pretium=cursus&nisl=vestibulum&ut=proin&volutpat=eu&sapien=mi&arcu=nulla&sed=ac&augue=enim&aliquam=in&erat=tempor&volutpat=turpis&in=nec&congue=euismod&etiam=scelerisque&justo=quam&etiam=turpis&pretium=adipiscing&iaculis=lorem&justo=vitae&in=mattis&hac=nibh&habitasse=ligula&platea=nec&dictumst=sem&etiam=duis&faucibus=aliquam&cursus=convallis&urna=nunc","tags":"Drama|Mystery"},
{"id":"71f0020f-8e19-4aae-8170-971e14616807","title":"Night Passage","year":2012,"cover":"http://dummyimage.com/233x135.bmp/ff4444/ffffff","description":"Cras mi pede, malesuada in, imperdiet et, commodo vulputate, justo. In blandit ultrices enim. Lorem ipsum dolor sit amet, consectetuer adipiscing elit.\n\nProin interdum mauris non ligula pellentesque ultrices. Phasellus id sapien in sapien iaculis congue. Vivamus metus arcu, adipiscing molestie, hendrerit at, vulputate vitae, nisl.","duration":2015,"contentRating":"G","source":"http://tumblr.com/fusce/consequat/nulla/nisl/nunc/nisl.js?orci=turpis&luctus=a&et=pede&ultrices=posuere&posuere=nonummy&cubilia=integer&curae=non&donec=velit&pharetra=donec&magna=diam&vestibulum=neque&aliquet=vestibulum&ultrices=eget&erat=vulputate&tortor=ut&sollicitudin=ultrices&mi=vel&sit=augue&amet=vestibulum&lobortis=ante&sapien=ipsum&sapien=primis&non=in&mi=faucibus&integer=orci&ac=luctus&neque=et&duis=ultrices&bibendum=posuere&morbi=cubilia&non=curae&quam=donec&nec=pharetra&dui=magna&luctus=vestibulum&rutrum=aliquet&nulla=ultrices&tellus=erat&in=tortor&sagittis=sollicitudin&dui=mi&vel=sit&nisl=amet&duis=lobortis&ac=sapien&nibh=sapien&fusce=non&lacus=mi&purus=integer&aliquet=ac&at=neque&feugiat=duis&non=bibendum&pretium=morbi&quis=non&lectus=quam&suspendisse=nec&potenti=dui&in=luctus&eleifend=rutrum&quam=nulla&a=tellus&odio=in&in=sagittis&hac=dui&habitasse=vel&platea=nisl&dictumst=duis&maecenas=ac&ut=nibh&massa=fusce&quis=lacus&augue=purus&luctus=aliquet&tincidunt=at&nulla=feugiat&mollis=non&molestie=pretium&lorem=quis&quisque=lectus&ut=suspendisse","tags":"Western"},
{"id":"2ac477e8-cc97-42ef-a62f-9251a83651da","title":"Ocean's Eleven","year":2002,"cover":"http://dummyimage.com/237x165.png/dddddd/000000","description":"Quisque id justo sit amet sapien dignissim vestibulum. Vestibulum ante ipsum primis in faucibus orci luctus et ultrices posuere cubilia Curae; Nulla dapibus dolor vel est. Donec odio justo, sollicitudin ut, suscipit a, feugiat et, eros.\n\nVestibulum ac est lacinia nisi venenatis tristique. Fusce congue, diam id ornare imperdiet, sapien urna pretium nisl, ut volutpat sapien arcu sed augue. Aliquam erat volutpat.","duration":2023,"contentRating":"PG-13","source":"http://jigsy.com/magna/bibendum.png?in=in&consequat=faucibus&ut=orci&nulla=luctus&sed=et&accumsan=ultrices&felis=posuere&ut=cubilia&at=curae&dolor=nulla&quis=dapibus&odio=dolor&consequat=vel&varius=est&integer=donec&ac=odio&leo=justo&pellentesque=sollicitudin&ultrices=ut&mattis=suscipit&odio=a&donec=feugiat&vitae=et&nisi=eros&nam=vestibulum&ultrices=ac&libero=est&non=lacinia","tags":"Crime|Thriller"},
{"id":"afc68b66-c53b-4330-b294-442ce6883972","title":"Igor","year":2007,"cover":"http://dummyimage.com/167x123.bmp/ff4444/ffffff","description":"Proin eu mi. Nulla ac enim. In tempor, turpis nec euismod scelerisque, quam turpis adipiscing lorem, vitae mattis nibh ligula nec sem.\n\nDuis aliquam convallis nunc. Proin at turpis a pede posuere nonummy. Integer non velit.","duration":1996,"contentRating":"PG-13","source":"https://ucoz.com/amet/lobortis/sapien/sapien/non/mi/integer.json?montes=eget&nascetur=eleifend&ridiculus=luctus&mus=ultricies&vivamus=eu&vestibulum=nibh&sagittis=quisque&sapien=id&cum=justo&sociis=sit&natoque=amet&penatibus=sapien&et=dignissim&magnis=vestibulum&dis=vestibulum&parturient=ante&montes=ipsum&nascetur=primis&ridiculus=in&mus=faucibus&etiam=orci&vel=luctus&augue=et&vestibulum=ultrices&rutrum=posuere&rutrum=cubilia&neque=curae&aenean=nulla&auctor=dapibus&gravida=dolor&sem=vel&praesent=est&id=donec&massa=odio&id=justo&nisl=sollicitudin&venenatis=ut&lacinia=suscipit&aenean=a&sit=feugiat&amet=et&justo=eros&morbi=vestibulum&ut=ac&odio=est&cras=lacinia&mi=nisi&pede=venenatis&malesuada=tristique&in=fusce&imperdiet=congue&et=diam&commodo=id&vulputate=ornare&justo=imperdiet&in=sapien&blandit=urna&ultrices=pretium&enim=nisl&lorem=ut&ipsum=volutpat&dolor=sapien&sit=arcu","tags":"Animation|Comedy"},
{"id":"07da3112-7ec7-40f8-9cc3-ba942e45a3e3","title":"Love's Labour's Lost","year":1995,"cover":"http://dummyimage.com/110x151.png/5fa2dd/ffffff","description":"Maecenas leo odio, condimentum id, luctus nec, molestie sed, justo. Pellentesque viverra pede ac diam. Cras pellentesque volutpat dui.\n\nMaecenas tristique, est et tempus semper, est quam pharetra magna, ac consequat metus sapien ut nunc. Vestibulum ante ipsum primis in faucibus orci luctus et ultrices posuere cubilia Curae; Mauris viverra diam vitae quam. Suspendisse potenti.\n\nNullam porttitor lacus at turpis. Donec posuere metus vitae ipsum. Aliquam non mauris.","duration":1991,"contentRating":"R","source":"https://amazon.de/mi/in/porttitor/pede/justo/eu.html?auctor=aliquam&sed=augue&tristique=quam&in=sollicitudin&tempus=vitae&sit=consectetuer&amet=eget&sem=rutrum","tags":"Comedy|Romance"},
{"id":"dcb18389-dcbb-4028-98f0-2558703ff7fb","title":"Dust Factory, The","year":2000,"cover":"http://dummyimage.com/111x196.bmp/ff4444/ffffff","description":"Cras mi pede, malesuada in, imperdiet et, commodo vulputate, justo. In blandit ultrices enim. Lorem ipsum dolor sit amet, consectetuer adipiscing elit.","duration":1905,"contentRating":"G","source":"https://paginegialle.it/adipiscing/elit/proin/interdum/mauris.js?dapibus=nullam&augue=varius&vel=nulla&accumsan=facilisi&tellus=cras&nisi=non&eu=velit&orci=nec&mauris=nisi&lacinia=vulputate&sapien=nonummy&quis=maecenas&libero=tincidunt&nullam=lacus&sit=at&amet=velit&turpis=vivamus&elementum=vel&ligula=nulla&vehicula=eget&consequat=eros&morbi=elementum&a=pellentesque&ipsum=quisque&integer=porta&a=volutpat&nibh=erat&in=quisque&quis=erat&justo=eros&maecenas=viverra&rhoncus=eget&aliquam=congue&lacus=eget&morbi=semper&quis=rutrum&tortor=nulla&id=nunc&nulla=purus&ultrices=phasellus&aliquet=in&maecenas=felis&leo=donec&odio=semper&condimentum=sapien&id=a&luctus=libero&nec=nam&molestie=dui&sed=proin&justo=leo&pellentesque=odio&viverra=porttitor&pede=id&ac=consequat&diam=in&cras=consequat&pellentesque=ut&volutpat=nulla&dui=sed&maecenas=accumsan&tristique=felis&est=ut&et=at&tempus=dolor&semper=quis&est=odio","tags":"Adventure|Children|Romance"},
{"id":"0b688f07-04fe-4b3c-ac08-d99409c2c3fa","title":"Betty","year":1995,"cover":"http://dummyimage.com/190x111.bmp/5fa2dd/ffffff","description":"Nullam sit amet turpis elementum ligula vehicula consequat. Morbi a ipsum. Integer a nibh.","duration":1890,"contentRating":"NC-17","source":"http://harvard.edu/metus/vitae.xml?id=orci&consequat=pede&in=venenatis&consequat=non&ut=sodales&nulla=sed&sed=tincidunt&accumsan=eu&felis=felis&ut=fusce&at=posuere&dolor=felis&quis=sed&odio=lacus&consequat=morbi&varius=sem&integer=mauris&ac=laoreet&leo=ut&pellentesque=rhoncus&ultrices=aliquet&mattis=pulvinar&odio=sed&donec=nisl&vitae=nunc&nisi=rhoncus&nam=dui&ultrices=vel&libero=sem&non=sed&mattis=sagittis&pulvinar=nam&nulla=congue&pede=risus&ullamcorper=semper&augue=porta&a=volutpat&suscipit=quam&nulla=pede&elit=lobortis","tags":"Drama"},
{"id":"69aacc7f-3332-42d1-b6b2-84d9b9985909","title":"Red Chapel, The (Røde kapel, Det)","year":2009,"cover":"http://dummyimage.com/186x194.jpg/5fa2dd/ffffff","description":"In hac habitasse platea dictumst. Morbi vestibulum, velit id pretium iaculis, diam erat fermentum justo, nec condimentum neque sapien placerat ante. Nulla justo.\n\nAliquam quis turpis eget elit sodales scelerisque. Mauris sit amet eros. Suspendisse accumsan tortor quis turpis.\n\nSed ante. Vivamus tortor. Duis mattis egestas metus.","duration":2018,"contentRating":"PG","source":"https://ezinearticles.com/mollis/molestie.html?mus=augue&etiam=vestibulum&vel=ante&augue=ipsum&vestibulum=primis&rutrum=in&rutrum=faucibus&neque=orci&aenean=luctus&auctor=et&gravida=ultrices&sem=posuere&praesent=cubilia&id=curae&massa=donec&id=pharetra&nisl=magna&venenatis=vestibulum&lacinia=aliquet&aenean=ultrices&sit=erat&amet=tortor&justo=sollicitudin&morbi=mi&ut=sit&odio=amet&cras=lobortis&mi=sapien&pede=sapien&malesuada=non&in=mi&imperdiet=integer&et=ac&commodo=neque&vulputate=duis&justo=bibendum&in=morbi&blandit=non&ultrices=quam&enim=nec&lorem=dui&ipsum=luctus&dolor=rutrum&sit=nulla&amet=tellus&consectetuer=in&adipiscing=sagittis&elit=dui&proin=vel&interdum=nisl&mauris=duis&non=ac&ligula=nibh&pellentesque=fusce&ultrices=lacus&phasellus=purus&id=aliquet&sapien=at&in=feugiat&sapien=non&iaculis=pretium&congue=quis&vivamus=lectus&metus=suspendisse&arcu=potenti","tags":"Comedy|Documentary"},
{"id":"70307e40-2f9d-4e32-9709-dbdae13ec4f8","title":"D-Day","year":2012,"cover":"http://dummyimage.com/102x200.jpg/cc0000/ffffff","description":"Sed sagittis. Nam congue, risus semper porta volutpat, quam pede lobortis ligula, sit amet eleifend pede libero quis orci. Nullam molestie nibh in lectus.\n\nPellentesque at nulla. Suspendisse potenti. Cras in purus eu magna vulputate luctus.\n\nCum sociis natoque penatibus et magnis dis parturient montes, nascetur ridiculus mus. Vivamus vestibulum sagittis sapien. Cum sociis natoque penatibus et magnis dis parturient montes, nascetur ridiculus mus.","duration":2009,"contentRating":"PG","source":"http://networksolutions.com/sagittis/dui/vel/nisl/duis/ac.jpg?eros=placerat&elementum=praesent&pellentesque=blandit&quisque=nam&porta=nulla&volutpat=integer&erat=pede&quisque=justo&erat=lacinia&eros=eget&viverra=tincidunt&eget=eget&congue=tempus&eget=vel&semper=pede&rutrum=morbi&nulla=porttitor&nunc=lorem&purus=id&phasellus=ligula&in=suspendisse&felis=ornare&donec=consequat&semper=lectus&sapien=in&a=est&libero=risus&nam=auctor&dui=sed&proin=tristique&leo=in&odio=tempus&porttitor=sit&id=amet&consequat=sem&in=fusce&consequat=consequat&ut=nulla&nulla=nisl&sed=nunc&accumsan=nisl&felis=duis","tags":"Action|Thriller"},
{"id":"57cb2e12-fa62-4bbc-bdb4-8ed5abcd0b47","title":"Sixth of the World, A (Shestaya chast mira)","year":2004,"cover":"http://dummyimage.com/140x167.bmp/ff4444/ffffff","description":"Fusce posuere felis sed lacus. Morbi sem mauris, laoreet ut, rhoncus aliquet, pulvinar sed, nisl. Nunc rhoncus dui vel sem.\n\nSed sagittis. Nam congue, risus semper porta volutpat, quam pede lobortis ligula, sit amet eleifend pede libero quis orci. Nullam molestie nibh in lectus.","duration":2039,"contentRating":"NC-17","source":"http://hostgator.com/tortor/eu.png?nulla=condimentum&integer=curabitur&pede=in&justo=libero&lacinia=ut&eget=massa&tincidunt=volutpat&eget=convallis&tempus=morbi&vel=odio&pede=odio&morbi=elementum&porttitor=eu&lorem=interdum&id=eu&ligula=tincidunt&suspendisse=in&ornare=leo&consequat=maecenas&lectus=pulvinar&in=lobortis&est=est&risus=phasellus&auctor=sit&sed=amet&tristique=erat&in=nulla&tempus=tempus&sit=vivamus&amet=in&sem=felis&fusce=eu&consequat=sapien&nulla=cursus&nisl=vestibulum&nunc=proin&nisl=eu&duis=mi&bibendum=nulla&felis=ac&sed=enim&interdum=in&venenatis=tempor&turpis=turpis&enim=nec&blandit=euismod&mi=scelerisque&in=quam&porttitor=turpis&pede=adipiscing&justo=lorem&eu=vitae&massa=mattis&donec=nibh&dapibus=ligula&duis=nec&at=sem&velit=duis&eu=aliquam&est=convallis&congue=nunc&elementum=proin&in=at&hac=turpis&habitasse=a&platea=pede&dictumst=posuere&morbi=nonummy&vestibulum=integer&velit=non&id=velit&pretium=donec&iaculis=diam&diam=neque&erat=vestibulum&fermentum=eget&justo=vulputate&nec=ut&condimentum=ultrices&neque=vel&sapien=augue&placerat=vestibulum&ante=ante&nulla=ipsum","tags":"Documentary"},
{"id":"99f78cbb-a402-4991-8baa-6f81ba53b33f","title":"Slaughterhouse-Five","year":1991,"cover":"http://dummyimage.com/100x133.png/ff4444/ffffff","description":"Nullam porttitor lacus at turpis. Donec posuere metus vitae ipsum. Aliquam non mauris.\n\nMorbi non lectus. Aliquam sit amet diam in magna bibendum imperdiet. Nullam orci pede, venenatis non, sodales sed, tincidunt eu, felis.","duration":1919,"contentRating":"R","source":"http://dedecms.com/pellentesque/ultrices/mattis.js?pede=dapibus&ac=duis&diam=at&cras=velit&pellentesque=eu&volutpat=est&dui=congue&maecenas=elementum&tristique=in&est=hac&et=habitasse&tempus=platea&semper=dictumst&est=morbi&quam=vestibulum&pharetra=velit&magna=id&ac=pretium&consequat=iaculis&metus=diam&sapien=erat&ut=fermentum&nunc=justo&vestibulum=nec&ante=condimentum&ipsum=neque&primis=sapien&in=placerat&faucibus=ante&orci=nulla&luctus=justo&et=aliquam&ultrices=quis&posuere=turpis&cubilia=eget&curae=elit&mauris=sodales&viverra=scelerisque&diam=mauris&vitae=sit&quam=amet&suspendisse=eros&potenti=suspendisse","tags":"Comedy|Drama|Sci-Fi|War"},
{"id":"c22b479c-bd8f-4d40-9611-684fa4135f3d","title":"Fidanzati, I (Fiances, The)","year":2001,"cover":"http://dummyimage.com/245x116.png/dddddd/000000","description":"In congue. Etiam justo. Etiam pretium iaculis justo.\n\nIn hac habitasse platea dictumst. Etiam faucibus cursus urna. Ut tellus.","duration":1968,"contentRating":"NC-17","source":"https://china.com.cn/quisque/ut/erat/curabitur.aspx?libero=phasellus&non=in&mattis=felis&pulvinar=donec&nulla=semper&pede=sapien&ullamcorper=a&augue=libero&a=nam&suscipit=dui&nulla=proin&elit=leo&ac=odio&nulla=porttitor&sed=id&vel=consequat&enim=in&sit=consequat&amet=ut&nunc=nulla&viverra=sed&dapibus=accumsan&nulla=felis&suscipit=ut&ligula=at&in=dolor&lacus=quis&curabitur=odio&at=consequat&ipsum=varius&ac=integer&tellus=ac&semper=leo&interdum=pellentesque&mauris=ultrices&ullamcorper=mattis&purus=odio&sit=donec&amet=vitae&nulla=nisi&quisque=nam&arcu=ultrices&libero=libero&rutrum=non&ac=mattis&lobortis=pulvinar","tags":"Drama"},
{"id":"94811251-44cb-4c85-b5fe-33e794241ac4","title":"Crossfire Hurricane","year":1994,"cover":"http://dummyimage.com/171x139.bmp/5fa2dd/ffffff","description":"In hac habitasse platea dictumst. Etiam faucibus cursus urna. Ut tellus.\n\nNulla ut erat id mauris vulputate elementum. Nullam varius. Nulla facilisi.\n\nCras non velit nec nisi vulputate nonummy. Maecenas tincidunt lacus at velit. Vivamus vel nulla eget eros elementum pellentesque.","duration":2032,"contentRating":"PG-13","source":"http://storify.com/duis/consequat/dui/nec.jsp?ut=praesent&volutpat=id&sapien=massa&arcu=id&sed=nisl&augue=venenatis&aliquam=lacinia&erat=aenean&volutpat=sit&in=amet&congue=justo&etiam=morbi&justo=ut&etiam=odio&pretium=cras&iaculis=mi&justo=pede&in=malesuada&hac=in&habitasse=imperdiet&platea=et&dictumst=commodo&etiam=vulputate&faucibus=justo&cursus=in&urna=blandit&ut=ultrices&tellus=enim&nulla=lorem&ut=ipsum&erat=dolor&id=sit&mauris=amet&vulputate=consectetuer&elementum=adipiscing&nullam=elit&varius=proin&nulla=interdum&facilisi=mauris&cras=non&non=ligula&velit=pellentesque&nec=ultrices&nisi=phasellus&vulputate=id&nonummy=sapien&maecenas=in&tincidunt=sapien&lacus=iaculis&at=congue&velit=vivamus&vivamus=metus&vel=arcu&nulla=adipiscing&eget=molestie&eros=hendrerit&elementum=at&pellentesque=vulputate&quisque=vitae&porta=nisl&volutpat=aenean&erat=lectus&quisque=pellentesque&erat=eget&eros=nunc&viverra=donec&eget=quis&congue=orci&eget=eget&semper=orci&rutrum=vehicula&nulla=condimentum&nunc=curabitur&purus=in&phasellus=libero&in=ut&felis=massa&donec=volutpat&semper=convallis&sapien=morbi","tags":"Documentary|Musical"},
{"id":"84edc966-13c5-43c8-b4aa-cc2b23961968","title":"Dead Birds","year":1997,"cover":"http://dummyimage.com/232x167.jpg/5fa2dd/ffffff","description":"Morbi porttitor lorem id ligula. Suspendisse ornare consequat lectus. In est risus, auctor sed, tristique in, tempus sit amet, sem.","duration":2059,"contentRating":"G","source":"http://blogger.com/et/magnis/dis.jpg?vestibulum=ac&sagittis=neque&sapien=duis&cum=bibendum&sociis=morbi&natoque=non&penatibus=quam&et=nec&magnis=dui&dis=luctus&parturient=rutrum&montes=nulla&nascetur=tellus&ridiculus=in&mus=sagittis&etiam=dui&vel=vel&augue=nisl&vestibulum=duis&rutrum=ac&rutrum=nibh&neque=fusce&aenean=lacus&auctor=purus&gravida=aliquet&sem=at&praesent=feugiat","tags":"Horror|War|Western"},
{"id":"b68d7e49-9ecd-46aa-b434-3670af0b52d6","title":"Donnie Darko","year":2010,"cover":"http://dummyimage.com/173x219.png/cc0000/ffffff","description":"Curabitur gravida nisi at nibh. In hac habitasse platea dictumst. Aliquam augue quam, sollicitudin vitae, consectetuer eget, rutrum at, lorem.","duration":2044,"contentRating":"NC-17","source":"http://plala.or.jp/nisi/venenatis/tristique/fusce/congue/diam.js?odio=non&porttitor=sodales&id=sed&consequat=tincidunt&in=eu&consequat=felis&ut=fusce&nulla=posuere&sed=felis&accumsan=sed&felis=lacus&ut=morbi&at=sem&dolor=mauris&quis=laoreet&odio=ut&consequat=rhoncus&varius=aliquet&integer=pulvinar&ac=sed&leo=nisl&pellentesque=nunc&ultrices=rhoncus&mattis=dui&odio=vel&donec=sem&vitae=sed&nisi=sagittis&nam=nam&ultrices=congue&libero=risus&non=semper&mattis=porta&pulvinar=volutpat&nulla=quam&pede=pede&ullamcorper=lobortis&augue=ligula&a=sit&suscipit=amet&nulla=eleifend&elit=pede&ac=libero&nulla=quis&sed=orci&vel=nullam&enim=molestie&sit=nibh&amet=in&nunc=lectus&viverra=pellentesque&dapibus=at&nulla=nulla&suscipit=suspendisse&ligula=potenti&in=cras&lacus=in&curabitur=purus&at=eu&ipsum=magna&ac=vulputate&tellus=luctus&semper=cum&interdum=sociis&mauris=natoque&ullamcorper=penatibus&purus=et&sit=magnis&amet=dis&nulla=parturient&quisque=montes&arcu=nascetur&libero=ridiculus","tags":"Drama|Mystery|Sci-Fi|Thriller"},
{"id":"1b9acb4c-e621-4f14-b419-69329a00fffd","title":"Flavor of Green Tea Over Rice (Ochazuke no aji)","year":2005,"cover":"http://dummyimage.com/237x250.bmp/5fa2dd/ffffff","description":"In sagittis dui vel nisl. Duis ac nibh. Fusce lacus purus, aliquet at, feugiat non, pretium quis, lectus.\n\nSuspendisse potenti. In eleifend quam a odio. In hac habitasse platea dictumst.","duration":1956,"contentRating":"PG-13","source":"https://loc.gov/in/felis/donec/semper/sapien/a.js?quis=augue&tortor=luctus&id=tincidunt&nulla=nulla&ultrices=mollis&aliquet=molestie&maecenas=lorem&leo=quisque","tags":"Drama"},
{"id":"e0209669-61ec-48c8-91bb-6e98632f861d","title":"Iron Sky","year":1994,"cover":"http://dummyimage.com/108x223.bmp/5fa2dd/ffffff","description":"Proin eu mi. Nulla ac enim. In tempor, turpis nec euismod scelerisque, quam turpis adipiscing lorem, vitae mattis nibh ligula nec sem.","duration":1972,"contentRating":"PG-13","source":"https://skyrock.com/orci/luctus/et/ultrices/posuere/cubilia.html?neque=justo&sapien=eu&placerat=massa&ante=donec&nulla=dapibus&justo=duis&aliquam=at&quis=velit","tags":"Action|Comedy|Sci-Fi"}]